legacy_product_id,legacy_category_id,model_or_name_zh,name_ja,name_en,legacy_thumbnail_url,legacy_detail_url,migration_status
2,10,AB-06H,,,http://www.asd-esd.cn/data/image/product_logo2017/03/14/f8a7e857-968b-4007-8bc2-c86c9d828e14.jpg,http://www.asd-esd.cn/Home/Details?value=2,pending_translation
3,10,AB-10H,,,http://www.asd-esd.cn/data/image/product_logo2017/03/14/ed690cdd-c531-43be-8fd3-b36b7f75671d.jpg,http://www.asd-esd.cn/Home/Details?value=3,pending_translation
4,10,AB-21H,,,http://www.asd-esd.cn/data/image/product_logo2017/03/14/5e6a53af-e9b0-495b-9c72-7379d498abd4.jpg,http://www.asd-esd.cn/Home/Details?value=4,pending_translation
5,10,AB-21H(F),,,http://www.asd-esd.cn/data/image/product_logo2017/03/14/37b53131-5a1e-4652-9540-dc923c692680.jpg,http://www.asd-esd.cn/Home/Details?value=5,pending_translation
34,10,AB-30H,,,http://www.asd-esd.cn/data/image/product_logo2017/03/21/e4d1ea07-8bd9-4af9-a2db-bffab9288122.jpg,http://www.asd-esd.cn/Home/Details?value=34,pending_translation
7,10,AB-50H,,,http://www.asd-esd.cn/data/image/product_logo2017/03/21/2bc2ee19-dfb9-4341-95f8-fe806585157a.jpg,http://www.asd-esd.cn/Home/Details?value=7,pending_translation
8,10,AB-60H,,,http://www.asd-esd.cn/data/image/product_logo2017/03/22/91813404-6d83-45d1-87ba-f1c286147ee5.jpg,http://www.asd-esd.cn/Home/Details?value=8,pending_translation
9,10,AB-110H,,,http://www.asd-esd.cn/data/image/product_logo2017/03/07/e8575735-5dc6-4508-bb08-336f2c9818a2.jpg,http://www.asd-esd.cn/Home/Details?value=9,pending_translation
10,10,AB-120H,,,http://www.asd-esd.cn/data/image/product_logo2017/03/07/2aa70b35-b2cb-4028-b932-bf250decb873.jpg,http://www.asd-esd.cn/Home/Details?value=10,pending_translation
11,10,AB-130H,,,http://www.asd-esd.cn/data/image/product_logo2017/03/07/adaa1f6b-1d5f-4a4a-a9d1-7f61346d24ce.jpg,http://www.asd-esd.cn/Home/Details?value=11,pending_translation
44,20,防静电透气鞋,,,http://www.asd-esd.cn/data/image/product_logo2020/06/20/4ab5b25b-4212-4ecf-a144-72354d5452d4.png,http://www.asd-esd.cn/Home/Details?value=44,pending_translation
45,20,防静电布鞋,,,http://www.asd-esd.cn/data/image/product_logo2020/06/20/1240a241-6718-4be1-9a55-241723ffa39a.png,http://www.asd-esd.cn/Home/Details?value=45,pending_translation
46,20,防静电（长/短统）套靴,,,http://www.asd-esd.cn/data/image/product_logo2020/06/20/b0ec676f-254e-42cb-a3d4-511bdddd6e81.png,http://www.asd-esd.cn/Home/Details?value=46,pending_translation
40,20,防静电分体服,,,http://www.asd-esd.cn/data/image/product_logo2020/06/15/26bf57d6-624f-49a0-b0c8-e8b4104dadd5.jpg,http://www.asd-esd.cn/Home/Details?value=40,pending_translation
42,20,防静电大褂,,,http://www.asd-esd.cn/data/image/product_logo2020/06/16/a93eae8b-c273-46a9-bc77-7418b642c762.png,http://www.asd-esd.cn/Home/Details?value=42,pending_translation
48,20,防静电软底靴,,,http://www.asd-esd.cn/data/image/product_logo2020/06/20/a9629fb5-4816-42a0-be3b-b01b0f885e39.png,http://www.asd-esd.cn/Home/Details?value=48,pending_translation
47,20,防静电拖鞋,,,http://www.asd-esd.cn/data/image/product_logo2020/06/20/56b070f5-3b21-4c1d-bc32-3a17465a4da4.png,http://www.asd-esd.cn/Home/Details?value=47,pending_translation
50,20,静电安全鞋,,,http://www.asd-esd.cn/data/image/product_logo2020/06/21/0bb76f96-9c0c-4473-a265-39998fdee19e.png,http://www.asd-esd.cn/Home/Details?value=50,pending_translation
38,20,连体服,,,http://www.asd-esd.cn/data/image/product_logo2020/06/27/ba767c7b-2ee8-4be1-be13-7da64fd731b0.png,http://www.asd-esd.cn/Home/Details?value=38,pending_translation
39,21,防静电台垫,,,http://www.asd-esd.cn/data/image/product_logo2020/06/15/7f3386e1-60cb-4c65-8fa7-3797570d663c.jpg,http://www.asd-esd.cn/Home/Details?value=39,pending_translation
41,21,无味防滑静电台垫,,,http://www.asd-esd.cn/data/image/product_logo2020/06/16/38462b22-6d1c-4376-b347-a414d8f9f97d.png,http://www.asd-esd.cn/Home/Details?value=41,pending_translation
49,21,防静电门/窗帘,,,http://www.asd-esd.cn/data/image/product_logo2020/06/20/d66d5abb-950c-4922-b7d3-a8b105db6ba9.png,http://www.asd-esd.cn/Home/Details?value=49,pending_translation
53,22,静电棉棒,,,http://www.asd-esd.cn/data/image/product_logo2020/06/23/7dd3d44e-405f-473f-952f-cdb9d3ae0d2d.jpg,http://www.asd-esd.cn/Home/Details?value=53,pending_translation
59,22,静电屏蔽袋,,,http://www.asd-esd.cn/data/image/product_logo2020/07/08/854210c5-33ff-4988-ae50-db1d139ea168.png,http://www.asd-esd.cn/Home/Details?value=59,pending_translation
60,22,静电屏蔽袋,,,http://www.asd-esd.cn/data/image/product_logo2020/07/08/854210c5-33ff-4988-ae50-db1d139ea168.png,http://www.asd-esd.cn/Home/Details?value=60,pending_translation
61,22,静电刷子,,,http://www.asd-esd.cn/data/image/product_logo2020/07/08/e028438f-3bf3-4545-8476-3826a749ac7a.png,http://www.asd-esd.cn/Home/Details?value=61,pending_translation
56,24,多工位手腕带检测仪,,,http://www.asd-esd.cn/data/image/product_logo2020/06/28/b8adcf20-7c01-40ad-89f5-b019e2a4fa79.png,http://www.asd-esd.cn/Home/Details?value=56,pending_translation
57,24,PVC手腕带,,,http://www.asd-esd.cn/data/image/product_logo2020/06/28/f1ab63bf-cb01-480b-8788-0b2b4328312f.jpg,http://www.asd-esd.cn/Home/Details?value=57,pending_translation
58,24,手腕带,,,http://www.asd-esd.cn/data/image/product_logo2020/06/28/28ea5f55-63ec-4731-9504-a72a5e972dce.jpg,http://www.asd-esd.cn/Home/Details?value=58,pending_translation
52,24,防静电黑白脚腕带,,,http://www.asd-esd.cn/data/image/product_logo2020/06/23/2b1a1b06-ca84-4579-b047-0f2c1284e714.png,http://www.asd-esd.cn/Home/Details?value=52,pending_translation
51,24,一次性脚跟接地带,,,http://www.asd-esd.cn/data/image/product_logo2020/06/28/b771f30e-6619-4da2-a7cc-b1acc3ba6bf6.png,http://www.asd-esd.cn/Home/Details?value=51,pending_translation
12,5,AGHP-02,,,http://www.asd-esd.cn/data/image/product_logo2017/04/01/9f8776c1-e83c-4f7c-b7ff-ba3b7244e8cf.jpg,http://www.asd-esd.cn/Home/Details?value=12,pending_translation
22,8,ANHP-02(F),,,http://www.asd-esd.cn/data/image/product_logo2017/03/21/f268768a-8776-4679-abd3-3589651b70ad.jpg,http://www.asd-esd.cn/Home/Details?value=22,pending_translation
23,8,ANHP-02,,,,http://www.asd-esd.cn/Home/Details?value=23,pending_translation
21,8,ANHP-02（PE),,,http://www.asd-esd.cn/data/image/product_logo2017/03/23/e9489881-b87a-452e-b84f-8438335bca97.jpg,http://www.asd-esd.cn/Home/Details?value=21,pending_translation
33,18,SA5000,,,http://www.asd-esd.cn/data/image/product_logo2017/04/01/1b482067-5bb3-4f3d-9041-e628204632e7.jpg,http://www.asd-esd.cn/Home/Details?value=33,pending_translation
26,2,ASHP-01,,,http://www.asd-esd.cn/data/image/product_logo2017/03/07/523b416e-a586-4482-bf2a-bfbabedc3fcb.jpg,http://www.asd-esd.cn/Home/Details?value=26,pending_translation
27,2,ASHP-01(PE),,,http://www.asd-esd.cn/data/image/product_logo2017/03/15/8130852d-526d-44c8-b8c6-e7b83348bc62.jpg,http://www.asd-esd.cn/Home/Details?value=27,pending_translation
18,12,SBH,,,http://www.asd-esd.cn/data/image/product_logo2017/03/23/3cf90ce2-de91-4c71-896c-d04971717c28.jpg,http://www.asd-esd.cn/Home/Details?value=18,pending_translation
13,7,AB-40,,,http://www.asd-esd.cn/data/image/product_logo2017/03/21/73edf7cc-8ff1-4b06-9059-2546c7c4438f.jpg,http://www.asd-esd.cn/Home/Details?value=13,pending_translation
14,7,AB-60,,,http://www.asd-esd.cn/data/image/product_logo2017/03/08/1c6b3740-06f1-44ad-9bb3-545ee477e539.JPG,http://www.asd-esd.cn/Home/Details?value=14,pending_translation
15,7,AB-80,,,http://www.asd-esd.cn/data/image/product_logo2017/03/21/4a09e36c-ed19-4a78-a5d4-32fc1edf1eff.jpg,http://www.asd-esd.cn/Home/Details?value=15,pending_translation
16,7,AB-100,,,http://www.asd-esd.cn/data/image/product_logo2017/03/21/cc4ef1ee-8a0d-4110-b735-c324dd82bd53.JPG,http://www.asd-esd.cn/Home/Details?value=16,pending_translation
17,7,AB-120,,,http://www.asd-esd.cn/data/image/product_logo2016/08/08/99fe70ec-a5b2-466b-b195-33ec69b17958.jpg,http://www.asd-esd.cn/Home/Details?value=17,pending_translation
30,13,AV-7000,,,http://www.asd-esd.cn/data/image/product_logo2017/03/23/7e2be068-8e12-4424-a0c5-2e02b03668a3.jpg,http://www.asd-esd.cn/Home/Details?value=30,pending_translation
35,19,等离子设备,,,http://www.asd-esd.cn/data/image/product_logo2019/12/23/321ff539-51d8-4719-9097-879854676624.jpg,http://www.asd-esd.cn/Home/Details?value=35,pending_translation
36,19,电晕机,,,http://www.asd-esd.cn/data/image/product_logo2019/12/23/0563d5e9-06d9-4e8e-bd28-bb7663de6349.JPG,http://www.asd-esd.cn/Home/Details?value=36,pending_translation
37,19,电晕机陶瓷辊,,,http://www.asd-esd.cn/data/image/product_logo2019/12/23/ad71bc32-576f-4930-9f76-43f74c4c1c83.jpg,http://www.asd-esd.cn/Home/Details?value=37,pending_translation
